{
	"system" : {
		"platform" : "windows64",
		"os_name" : "Windows 10",
		"os_version" : "10.0"
	},
	"error" : {
		"executable" : "quartus_fit",
		"comment" : "not_applicable",
		"error_message" : "Access Violation at 0X00007FF93194DE66",
		"source_file" : "unknown",
		"line" : "0",
		"stack_trace" : "\t0x7ff93194de65: fitter_vpr20kmain + 0x46de65 (nsrr_private_set_location_cost_index_rr_node_index + 0x105)\n\t0x7ff93194fccb: fitter_vpr20kmain + 0x46fccb (aa_rr_graph_template_count_and_initialize_rr_nodes + 0x3cb)\n\t0x7ff93193f22d: fitter_vpr20kmain + 0x45f22d (aa_rr_build_full_rr_graph + 0x2fd)\n\t0x7ff93174fd57: fitter_vpr20kmain + 0x26fd57 (l_do_routing_phase_for_fpga_router_flow + 0x157)\n\t0x7ff93174f51d: fitter_vpr20kmain + 0x26f51d (l_do_single_routing_attempt + 0x19d)\n\t0x7ff93174f1ff: fitter_vpr20kmain + 0x26f1ff (aa_flow_route + 0x3f)\n\t0x7ff93174b172: fitter_vpr20kmain + 0x26b172 (aa_flow_fit + 0x122)\n\t0x7ff931a535ae: fitter_vpr20kmain + 0x5735ae (?vpr_qi_main@VPR_QI_FACADE@@UEAA_NXZ + 0x6e)\n\t0x7ff93149384e: fitter_fitapi + 0x3384e (fitapi_run_vpr + 0x7e)\n\t0x7ff93893fb8f: fitter_fsv + 0x1fb8f (?run_vpr@FSV_EXPERT_BASE@@QEBA_NXZ + 0x13f)\n\t0x7ff93893f64d: fitter_fsv + 0x1f64d (?place_and_route@FSV_EXPERT_BASE@@QEBA_NXZ + 0x12d)\n\t0x7ff93893eab6: fitter_fsv + 0x1eab6 (?invoke_fitter@FSV_EXPERT_BASE@@QEBA_NXZ + 0x636)\n\t0x7ff93893c952: fitter_fsv + 0x1c952 (fsv_execute + 0x22)\n\t0x7ff93a74e9e0: FITTER_FMAIN + 0xe9e0 (?fmain_start@@YA_NPEAVCMP_FACADE@@@Z + 0x900)\n\t0x7ff9326b41b1: comp_qfit_legacy_flow + 0x41b1 (qfit_execute_fit + 0x1bd)\n\t0x7ff9326b5384: comp_qfit_legacy_flow + 0x5384 (QFIT_FRAMEWORK::execute + 0x2a0)\n\t0x7ff9326b267f: comp_qfit_legacy_flow + 0x267f (qfit_legacy_flow_run_legacy_fitter_flow + 0x1c7)\n\t 0x5ab94410: tcl86 + 0x14410 (TclInvokeStringCommand + 0xf0)\n\t 0x5ab961e2: tcl86 + 0x161e2 (TclNRRunCallbacks + 0x62)\n\t 0x5ab97a65: tcl86 + 0x17a65 (TclEvalEx + 0xa65)\n\t 0x5ac26f8b: tcl86 + 0xa6f8b (Tcl_FSEvalFileEx + 0x22b)\n\t 0x5ac25646: tcl86 + 0xa5646 (Tcl_EvalFile + 0x36)\n\t0x7ff987c52606: comp_qexe + 0x12606 (?qexe_evaluate_tcl_script@@YA_NAEBV?$basic_string@DU?$char_traits@D@std@@V?$allocator@D@2@@std@@@Z + 0x376)\n\t0x7ff987c51864: comp_qexe + 0x11864 (qexe_do_tcl + 0x334)\n\t0x7ff987c56755: comp_qexe + 0x16755 (?qexe_run_tcl_option@@YA_NPEAVQEXE_FRAMEWORK@@PEBDPEAV?$list@V?$basic_string@DU?$char_traits@D@std@@V?$allocator@D@2@@std@@V?$allocator@V?$basic_string@DU?$char_traits@D@std@@V?$allocator@D@2@@std@@@2@@std@@_N@Z + 0x585)\n\t0x7ff9607480c3: comp_qcu + 0x380c3 (?qcu_run_tcl_option@@YA_NPEAVQCU_FRAMEWORK@@PEBDPEAV?$list@V?$basic_string@DU?$char_traits@D@std@@V?$allocator@D@2@@std@@V?$allocator@V?$basic_string@DU?$char_traits@D@std@@V?$allocator@D@2@@std@@@2@@std@@_N@Z + 0x1003)\n\t0x7ff987c560aa: comp_qexe + 0x160aa (qexe_run + 0x39a)\n\t0x7ff987c56e51: comp_qexe + 0x16e51 (?qexe_standard_main@@YAHPEAVQEXE_FRAMEWORK@@PEAPEBUQEXE_OPTION_DEFINITION@@HPEAPEBD@Z + 0xc1)\n\t0x7ff6f3fc2233: quartus_fit + 0x2233 (?qfit2_main@@YAHHPEAPEBD@Z + 0x73)\n\t0x7ff9861c2e98: CCL_MSG + 0x12e98 (?msg_main_thread@@YAPEAXPEAX@Z + 0x18)\n\t0x7ff9861c467e: CCL_MSG + 0x1467e (?msg_thread_wrapper@@YAPEAXP6APEAXPEAX@Z0@Z + 0x6e)\n\t0x7ff986186660: ccl_mem + 0x16660 (?mem_thread_wrapper@@YAPEAXP6APEAXPEAX@Z0@Z + 0x70)\n\t0x7ff9861c2761: CCL_MSG + 0x12761 (?msg_exe_main@@YAHHPEAPEBDP6AHH0@Z@Z + 0xa1)\n\t0x7ff6f3fc287e: quartus_fit + 0x287e (__tmainCRTStartup + 0x10e)\n\t0x7ff99a787613: KERNEL32 + 0x17613 (BaseThreadInitThunk + 0x13)\n\t0x7ff99b7e26b0: ntdll + 0x526b0 (RtlUserThreadStart + 0x20)\n",
		"subsystem" : "unknown"
	},
	"quartus" : {
		"quartus_bits" : "64",
		"version" : "18.0.0",
		"build" : "614",
		"edition" : "Standard Edition"
	}
}